100 Years of Solitude	https://web.archive.org/web/20210518051046/https://www.cliffsnotes.com/literature/o/100-years-of-solitude/about-100-hundred-years-of-solitude
12 Years a Slave	https://web.archive.org/web/20210518051046/https://www.cliffsnotes.com/literature/t/twelve-years-a-slave/at-a-glance
1984	https://web.archive.org/web/20210518051046/https://www.cliffsnotes.com/literature/n/1984/1984-at-a-glance
The 1990s Newbery Medal Winners	https://web.archive.org/web/20210518051046/https://www.cliffsnotes.com/literature/n/the-1990s-newbery-medal-winners/about-the-newbery-medal
Absalom Absalom!	https://web.archive.org/web/20210518051046/https://www.cliffsnotes.com/literature/a/absalom-absalom/about-absalom-absalom
Adam Bede	https://web.archive.org/web/20210518051046/https://www.cliffsnotes.com/literature/a/adam-bede/book-summary
The Adventures of Huckleberry Finn	https://web.archive.org/web/20210518051046/https://www.cliffsnotes.com/literature/a/the-adventures-of-huckleberry-finn/the-adventures-of-huckleberry-finn-at-a-glance
The Adventures of Tom Sawyer	https://web.archive.org/web/20210518051046/https://www.cliffsnotes.com/literature/a/the-adventures-of-tom-sawyer/book-summary
Aeneid	https://web.archive.org/web/20210518051046/https://www.cliffsnotes.com/literature/a/aeneid/poem-summary
Agamemnon The Choephori and The Eumenides	https://web.archive.org/web/20210518051046/https://www.cliffsnotes.com/literature/a/agamemnon-the-choephori-and-the-eumenides/play-summary
The Age of Innocence	https://web.archive.org/web/20210518051046/https://www.cliffsnotes.com/literature/a/the-age-of-innocence/book-summary
The Alchemist	https://web.archive.org/web/20210518051046/https://www.cliffsnotes.com/literature/a/the-alchemist/book-summary
Alice's Adventures in Wonderland	https://web.archive.org/web/20210518051046/https://www.cliffsnotes.com/literature/a/alices-adventures-in-wonderland/book-summary
All the King's Men	https://web.archive.org/web/20210518051046/https://www.cliffsnotes.com/literature/a/all-the-kings-men/about-all-the-kings-men
All the Light We Cannot See	https://web.archive.org/web/20210518051046/https://www.cliffsnotes.com/literature/a/all-the-light-we-cannot-see/about-all-the-light-we-cannot-see
All the Pretty Horses	https://web.archive.org/web/20210518051046/https://www.cliffsnotes.com/literature/a/all-the-pretty-horses/book-summary
All Quiet on the Western Front	https://web.archive.org/web/20210518051046/https://www.cliffsnotes.com/literature/a/all-quiet-on-the-western-front/book-summary
All's Well That Ends Well	https://web.archive.org/web/20210518051046/https://www.cliffsnotes.com/literature/a/alls-well-that-ends-well/play-summary
The Ambassadors	https://web.archive.org/web/20210518051046/https://www.cliffsnotes.com/literature/a/the-ambassadors/book-summary
The American	https://web.archive.org/web/20210518051046/https://www.cliffsnotes.com/literature/a/the-american/book-summary
American Poets of the 20th Century	https://web.archive.org/web/20210518051046/https://www.cliffsnotes.com/literature/a/american-poets-of-the-20th-century/how-to-analyze-poetry
An American Tragedy	https://web.archive.org/web/20210518051046/https://www.cliffsnotes.com/literature/a/an-american-tragedy/about-an-american-tragedy
Andromache	https://web.archive.org/web/20210518051046/https://www.cliffsnotes.com/literature/a/andromache/play-summary
Animal Farm	https://web.archive.org/web/20210518051046/https://www.cliffsnotes.com/literature/a/animal-farm/animal-farm-at-a-glance
Anna Karenina	https://web.archive.org/web/20210518051046/https://www.cliffsnotes.com/literature/a/anna-karenina/book-summary
Anthem	https://web.archive.org/web/20210518051046/https://www.cliffsnotes.com/literature/a/anthem/book-summary
Antony and Cleopatra	https://web.archive.org/web/20210518051046/https://www.cliffsnotes.com/literature/a/antony-and-cleopatra/play-summary
Arms and the Man	https://web.archive.org/web/20210518051046/https://www.cliffsnotes.com/literature/a/arms-and-the-man/play-summary
Arrowsmith	https://web.archive.org/web/20210518051046/https://www.cliffsnotes.com/literature/a/arrowsmith/book-summary
As I Lay Dying	https://web.archive.org/web/20210518051046/https://www.cliffsnotes.com/literature/a/as-i-lay-dying/book-summary
As You Like It	https://web.archive.org/web/20210518051046/https://www.cliffsnotes.com/literature/a/as-you-like-it/play-summary
The Assistant	https://web.archive.org/web/20210518051046/https://www.cliffsnotes.com/literature/a/the-assistant/about-the-assistant
Atlas Shrugged	https://web.archive.org/web/20210518051046/https://www.cliffsnotes.com/literature/a/atlas-shrugged/book-summary
The Autobiography of Benjamin Franklin	https://web.archive.org/web/20210518051046/https://www.cliffsnotes.com/literature/a/the-autobiography-of-benjamin-franklin/book-summary
The Autobiography of Malcolm X	https://web.archive.org/web/20210518051046/https://www.cliffsnotes.com/literature/a/the-autobiography-of-malcolm-x/malcolm-x-biography
The Awakening	https://web.archive.org/web/20210518051046/https://www.cliffsnotes.com/literature/a/the-awakening/book-summary
Babbitt	https://web.archive.org/web/20210518051046/https://www.cliffsnotes.com/literature/b/babbitt/sinclair-lewis-biography
Bartleby the Scrivener	https://web.archive.org/web/20210518051046/https://www.cliffsnotes.com/literature/b/bartleby-the-scrivener/story-summary
The Bell Jar	https://web.archive.org/web/20210518051046/https://www.cliffsnotes.com/literature/b/the-bell-jar/book-summary
Beloved	https://web.archive.org/web/20210518051046/https://www.cliffsnotes.com/literature/b/beloved/book-summary
Benito Cereno	https://web.archive.org/web/20210518051046/https://www.cliffsnotes.com/literature/b/benito-cereno/story-summary
Beowulf	https://web.archive.org/web/20210518051046/https://www.cliffsnotes.com/literature/b/beowulf/poem-summary
The Bean Trees	https://web.archive.org/web/20210518051046/https://www.cliffsnotes.com/literature/b/the-bean-trees/book-summary
Billy Budd	https://web.archive.org/web/20210518051046/https://www.cliffsnotes.com/literature/b/billy-budd/book-summary
Black Boy	https://web.archive.org/web/20210518051046/https://www.cliffsnotes.com/literature/b/black-boy/book-summary
Black Elk Speaks	https://web.archive.org/web/20210518051046/https://www.cliffsnotes.com/literature/b/black-elk-speaks/book-summary
Bleak House	https://web.archive.org/web/20210518051046/https://www.cliffsnotes.com/literature/b/bleak-house/book-summary
Bless Me Ultima	https://web.archive.org/web/20210518051046/https://www.cliffsnotes.com/literature/b/bless-me-ultima/book-summary
The Bluest Eye	https://web.archive.org/web/20210518051046/https://www.cliffsnotes.com/literature/b/the-bluest-eye/book-summary
The Book Thief	https://web.archive.org/web/20210518051046/https://www.cliffsnotes.com/literature/b/the-book-thief/book-summary
Bradbury's Short Stories	https://web.archive.org/web/20210518051046/https://www.cliffsnotes.com/literature/b/bradburys-short-stories/about-bradburys-short-stories
Brave New World	https://web.archive.org/web/20210518051046/https://www.cliffsnotes.com/literature/b/brave-new-world/book-summary
The Brothers Karamazov	https://web.archive.org/web/20210518051046/https://www.cliffsnotes.com/literature/b/the-brothers-karamazov/book-summary
The Call of the Wild	https://web.archive.org/web/20210518051046/https://www.cliffsnotes.com/literature/c/the-call-of-the-wild/book-summary
Candide	https://web.archive.org/web/20210518051046/https://www.cliffsnotes.com/literature/c/candide/book-summary
The Canterbury Tales	https://web.archive.org/web/20210518051046/https://www.cliffsnotes.com/literature/c/the-canterbury-tales/summary
Catch-22	https://web.archive.org/web/20210518051046/https://www.cliffsnotes.com/literature/c/catch22/book-summary
The Catcher in the Rye	https://web.archive.org/web/20210518051046/https://www.cliffsnotes.com/literature/c/the-catcher-in-the-rye/the-catcher-in-the-rye-at-a-glance
Catching Fire (Book 2 of The Hunger Games Trilogy)	https://web.archive.org/web/20210518051046/https://www.cliffsnotes.com/literature/c/catching-fire-book-2-of-the-hunger-games-trilogy/book-summary
The Chosen	https://web.archive.org/web/20210518051046/https://www.cliffsnotes.com/literature/c/the-chosen/book-summary
The Color Purple	https://web.archive.org/web/20210518051046/https://www.cliffsnotes.com/literature/c/the-color-purple/book-summary
Comedy of Errors	https://web.archive.org/web/20210518051046/https://www.cliffsnotes.com/literature/c/comedy-of-errors/play-summary
Concerning the Principles of Morals	https://web.archive.org/web/20210518051046/https://www.cliffsnotes.com/literature/c/concerning-the-principles-of-morals/book-summary
A Connecticut Yankee in King Arthur's Court	https://web.archive.org/web/20210518051046/https://www.cliffsnotes.com/literature/c/a-connecticut-yankee-in-king-arthurs-court/book-summary
The Contender	https://web.archive.org/web/20210518051046/https://www.cliffsnotes.com/literature/c/the-contender/book-summary
The Count of Monte Cristo	https://web.archive.org/web/20210518051046/https://www.cliffsnotes.com/literature/c/the-count-of-monte-cristo/book-summary
Crime and Punishment	https://web.archive.org/web/20210518051046/https://www.cliffsnotes.com/literature/c/crime-and-punishment/book-summary
The Crucible	https://web.archive.org/web/20210518051046/https://www.cliffsnotes.com/literature/c/the-crucible/play-summary
Cry the Beloved Country	https://web.archive.org/web/20210518051046/https://www.cliffsnotes.com/literature/c/cry-the-beloved-country/about-cry-the-beloved-country
Cyrano de Bergerac	https://web.archive.org/web/20210518051046/https://www.cliffsnotes.com/literature/c/cyrano-de-bergerac/play-summary
Daisy Miller	https://web.archive.org/web/20210518051046/https://www.cliffsnotes.com/literature/d/daisy-miller/book-summary
David Copperfield	https://web.archive.org/web/20210518051046/https://www.cliffsnotes.com/literature/d/david-copperfield/book-summary
The Day of the Locust	https://web.archive.org/web/20210518051046/https://www.cliffsnotes.com/literature/d/the-day-of-the-locust/about-the-day-of-the-locust
Death Comes for the Archbishop	https://web.archive.org/web/20210518051046/https://www.cliffsnotes.com/literature/d/death-comes-for-the-archbishop/book-summary
Death of a Salesman	https://web.archive.org/web/20210518051046/https://www.cliffsnotes.com/literature/d/death-of-a-salesman/play-summary
The Deerslayer	https://web.archive.org/web/20210518051046/https://www.cliffsnotes.com/literature/d/the-deerslayer/book-summary
Demian	https://web.archive.org/web/20210518051046/https://www.cliffsnotes.com/literature/d/demian/about-demian
The Devil in the White City	https://web.archive.org/web/20210518051046/https://www.cliffsnotes.com/literature/d/the-devil-in-the-white-city/book-summary
The Diary of Anne Frank	https://web.archive.org/web/20210518051046/https://www.cliffsnotes.com/literature/d/the-diary-of-anne-frank/about-the-diary-of-anne-frank
A Different Drummer	https://web.archive.org/web/20210518051046/https://www.cliffsnotes.com/literature/d/a-different-drummer/william-melvin-kelley-biography
The Divine Comedy: Inferno	https://web.archive.org/web/20210518051046/https://www.cliffsnotes.com/literature/d/the-divine-comedy-inferno/poem-summary
Doctor Faustus	https://web.archive.org/web/20210518051046/https://www.cliffsnotes.com/literature/d/doctor-faustus/play-summary
A Doll's House	https://web.archive.org/web/20210518051046/https://www.cliffsnotes.com/literature/d/a-dolls-house/play-summary
Don Juan	https://web.archive.org/web/20210518051046/https://www.cliffsnotes.com/literature/d/don-juan/poem-summary
Don Quixote	https://web.archive.org/web/20210518051046/https://www.cliffsnotes.com/literature/d/don-quixote/book-summary
Dr. Jekyll and Mr. Hyde	https://web.archive.org/web/20210518051046/https://www.cliffsnotes.com/literature/d/dr-jekyll-and-mr-hyde/book-summary
Dracula	https://web.archive.org/web/20210518051046/https://www.cliffsnotes.com/literature/d/dracula/book-summary
Dream of the Red Chamber	https://web.archive.org/web/20210518051046/https://www.cliffsnotes.com/literature/d/dream-of-the-red-chamber/book-summary
Dubliners	https://web.archive.org/web/20210518051046/https://www.cliffsnotes.com/literature/d/dubliners/about-dubliners
The Education of Henry Adams	https://web.archive.org/web/20210518051046/https://www.cliffsnotes.com/literature/e/the-education-of-henry-adams/book-summary
Emerson's Essays	https://web.archive.org/web/20210518051046/https://www.cliffsnotes.com/literature/e/emersons-essays/ralph-waldo-emerson-biography
Emily Dickinson's Poems	https://web.archive.org/web/20210518051046/https://www.cliffsnotes.com/literature/e/emily-dickinsons-poems/about-emily-dickinsons-poems
Emma	https://web.archive.org/web/20210518051046/https://www.cliffsnotes.com/literature/e/emma/book-summary
An Enemy of the People	https://web.archive.org/web/20210518051046/https://www.cliffsnotes.com/literature/e/an-enemy-of-the-people/play-summary
An Essay Concerning Human Understanding	https://web.archive.org/web/20210518051046/https://www.cliffsnotes.com/literature/e/an-essay-concerning-human-understanding/book-summary
Ethan Frome	https://web.archive.org/web/20210518051046/https://www.cliffsnotes.com/literature/e/ethan-frome/book-summary
Ethics	https://web.archive.org/web/20210518051046/https://www.cliffsnotes.com/literature/e/ethics/about-aristotles-ethics
Euthyphro Apology Crito and Phaedo	https://web.archive.org/web/20210518051046/https://www.cliffsnotes.com/literature/e/euthyphro-apology-crito-and-phaedo/about-euthyphro-apology-crito-and-phaedo
Fahrenheit 451	https://web.archive.org/web/20210518051046/https://www.cliffsnotes.com/literature/f/fahrenheit-451/book-summary
Far from the Madding Crowd	https://web.archive.org/web/20210518051046/https://www.cliffsnotes.com/literature/f/far-from-the-madding-crowd/book-summary
A Farewell to Arms	https://web.archive.org/web/20210518051046/https://www.cliffsnotes.com/literature/f/a-farewell-to-arms/book-summary
Farewell to Manzanar	https://web.archive.org/web/20210518051046/https://www.cliffsnotes.com/literature/f/farewell-to-manzanar/book-summary
Fathers and Sons	https://web.archive.org/web/20210518051046/https://www.cliffsnotes.com/literature/f/fathers-and-sons/book-summary
Faulkner's Short Stories	https://web.archive.org/web/20210518051046/https://www.cliffsnotes.com/literature/f/faulkners-short-stories/introduction-to-yoknapatawpha-county
Faust Parts 1 and 2	https://web.archive.org/web/20210518051046/https://www.cliffsnotes.com/literature/f/faust-parts-1-and-2/poem-summary
The Federalist	https://web.archive.org/web/20210518051046/https://www.cliffsnotes.com/literature/f/the-federalist/about-the-federalist
The Flies	https://web.archive.org/web/20210518051046/https://www.cliffsnotes.com/literature/f/the-flies/about-the-flies
Flowers for Algernon	https://web.archive.org/web/20210518051046/https://www.cliffsnotes.com/literature/f/flowers-for-algernon/book-summary
For Whom the Bell Tolls	https://web.archive.org/web/20210518051046/https://www.cliffsnotes.com/literature/f/for-whom-the-bell-tolls/about-for-whom-the-bell-tolls
The Fountainhead	https://web.archive.org/web/20210518051046/https://www.cliffsnotes.com/literature/f/the-fountainhead/book-summary
Frankenstein	https://web.archive.org/web/20210518051046/https://www.cliffsnotes.com/literature/f/frankenstein/frankenstein-at-a-glance
The French Lieutenant's Woman	https://web.archive.org/web/20210518051046/https://www.cliffsnotes.com/literature/f/the-french-lieutenants-woman/about-the-french-lieutenants-woman
Gallic Wars	https://web.archive.org/web/20210518051046/https://www.cliffsnotes.com/literature/g/gallic-wars/book-summary
Ghosts	https://web.archive.org/web/20210518051046/https://www.cliffsnotes.com/literature/g/ghosts/play-summary
Giants in the Earth	https://web.archive.org/web/20210518051046/https://www.cliffsnotes.com/literature/g/giants-in-the-earth/book-summary
The Girl with the Dragon Tattoo	https://web.archive.org/web/20210518051046/https://www.cliffsnotes.com/literature/g/the-girl-with-the-dragon-tattoo/book-summary
The Giver	https://web.archive.org/web/20210518051046/https://www.cliffsnotes.com/literature/g/the-giver/book-summary
The Glass Castle	https://web.archive.org/web/20210518051046/https://www.cliffsnotes.com/literature/g/the-glass-castle/book-summary
The Glass Menagerie	https://web.archive.org/web/20210518051046/https://www.cliffsnotes.com/literature/g/the-glass-menagerie/play-summary
Go Set a Watchman	https://web.archive.org/web/20210518051046/https://www.cliffsnotes.com/literature/g/go-set-a-watchman/at-a-glance
Go Tell It on the Mountain	https://web.archive.org/web/20210518051046/https://www.cliffsnotes.com/literature/g/go-tell-it-on-the-mountain/book-summary
The Goldfinch	https://web.archive.org/web/20210518051046/https://www.cliffsnotes.com/literature/g/the-goldfinch/the-goldfinch-at-a-glance
The Good Earth	https://web.archive.org/web/20210518051046/https://www.cliffsnotes.com/literature/g/the-good-earth/book-summary
The Grapes of Wrath	https://web.archive.org/web/20210518051046/https://www.cliffsnotes.com/literature/g/the-grapes-of-wrath/the-grapes-of-wrath-at-a-glance
Great Expectations	https://web.archive.org/web/20210518051046/https://www.cliffsnotes.com/literature/g/great-expectations/great-expectations-at-a-glance
The Great Gatsby	https://web.archive.org/web/20210518051046/https://www.cliffsnotes.com/literature/g/the-great-gatsby/the-great-gatsby-at-a-glance
Green Mansions	https://web.archive.org/web/20210518051046/https://www.cliffsnotes.com/literature/g/green-mansions/book-summary
The Guernsey Literary and Potato Peel Pie Society	https://web.archive.org/web/20210518051046/https://www.cliffsnotes.com/literature/g/the-guernsey-literary-and-potato-peel-pie-society/book-summary
Gulliver's Travels	https://web.archive.org/web/20210518051046/https://www.cliffsnotes.com/literature/g/gullivers-travels/book-summary
Hamlet	https://web.archive.org/web/20210518051046/https://www.cliffsnotes.com/literature/h/hamlet/hamlet-at-a-glance
The Handmaid's Tale	https://web.archive.org/web/20210518051046/https://www.cliffsnotes.com/literature/h/the-handmaids-tale/book-summary
Hard Times	https://web.archive.org/web/20210518051046/https://www.cliffsnotes.com/literature/h/hard-times/about-hard-times
Heart of Darkness	https://web.archive.org/web/20210518051046/https://www.cliffsnotes.com/literature/h/heart-of-darkness/heart-of-darkness-at-a-glance
Hedda Gabler	https://web.archive.org/web/20210518051046/https://www.cliffsnotes.com/literature/h/hedda-gabler/play-summary
The Help	https://web.archive.org/web/20210518051046/https://www.cliffsnotes.com/literature/h/the-help/book-summary
Hemingway's Short Stories	https://web.archive.org/web/20210518051046/https://www.cliffsnotes.com/literature/h/hemingways-short-stories/about-hemingways-short-stories
Henry V	https://web.archive.org/web/20210518051046/https://www.cliffsnotes.com/literature/h/henry-v/play-summary
Herzog	https://web.archive.org/web/20210518051046/https://www.cliffsnotes.com/literature/h/herzog/about-herzog
Hiroshima	https://web.archive.org/web/20210518051046/https://www.cliffsnotes.com/literature/h/hiroshima/book-summary
The Hobbit	https://web.archive.org/web/20210518051046/https://www.cliffsnotes.com/literature/h/the-hobbit/book-summary
House Made of Dawn	https://web.archive.org/web/20210518051046/https://www.cliffsnotes.com/literature/h/house-made-of-dawn/about-house-made-of-dawn
The House of Mirth	https://web.archive.org/web/20210518051046/https://www.cliffsnotes.com/literature/h/the-house-of-mirth/book-summary
The House of the Seven Gables	https://web.archive.org/web/20210518051046/https://www.cliffsnotes.com/literature/h/the-house-of-the-seven-gables/book-summary
The House on Mango Street & Woman Hollering Creek & Other Stories	https://web.archive.org/web/20210518051046/https://www.cliffsnotes.com/literature/h/the-house-on-mango-street-woman-hollering-creek-other-stories/book-summary
The Hunger Games	https://web.archive.org/web/20210518051046/https://www.cliffsnotes.com/literature/h/the-hunger-games/the-hunger-games-at-a-glance
I Know Why the Caged Bird Sings	https://web.archive.org/web/20210518051046/https://www.cliffsnotes.com/literature/i/i-know-why-the-caged-bird-sings/about-i-know-why-the-caged-bird-sings
The Idiot	https://web.archive.org/web/20210518051046/https://www.cliffsnotes.com/literature/i/the-idiot/book-summary
Idylls of the King	https://web.archive.org/web/20210518051046/https://www.cliffsnotes.com/literature/i/idylls-of-the-king/about-idylls-of-the-king
The Iliad	https://web.archive.org/web/20210518051046/https://www.cliffsnotes.com/literature/i/the-iliad/poem-summary
The Importance of Being Earnest	https://web.archive.org/web/20210518051046/https://www.cliffsnotes.com/literature/i/the-importance-of-being-earnest/play-summary
In Cold Blood	https://web.archive.org/web/20210518051046/https://www.cliffsnotes.com/literature/i/in-cold-blood/book-summary
Incidents in the Life of a Slave Girl	https://web.archive.org/web/20210518051046/https://www.cliffsnotes.com/literature/i/incidents-in-the-life-of-a-slave-girl/about-incidents-in-the-life-of-a-slave-girl
Inherit the Wind	https://web.archive.org/web/20210518051046/https://www.cliffsnotes.com/literature/i/inherit-the-wind/play-summary
Into the Wild	https://web.archive.org/web/20210518051046/https://www.cliffsnotes.com/literature/i/into-the-wild/book-summary
Invisible Man	https://web.archive.org/web/20210518051046/https://www.cliffsnotes.com/literature/i/invisible-man/book-summary
Ishmael	https://web.archive.org/web/20210518051046/https://www.cliffsnotes.com/literature/i/ishmael/book-summary
Ivanhoe	https://web.archive.org/web/20210518051046/https://www.cliffsnotes.com/literature/i/ivanhoe/book-summary
Jane Eyre	https://web.archive.org/web/20210518051046/https://www.cliffsnotes.com/literature/j/jane-eyre/jane-eyre-at-a-glance
Joseph Andrews	https://web.archive.org/web/20210518051046/https://www.cliffsnotes.com/literature/j/joseph-andrews/about-joseph-andrews
The Joy Luck Club	https://web.archive.org/web/20210518051046/https://www.cliffsnotes.com/literature/j/the-joy-luck-club/about-the-joy-luck-club
Jude the Obscure	https://web.archive.org/web/20210518051046/https://www.cliffsnotes.com/literature/j/jude-the-obscure/book-summary
Julius Caesar	https://web.archive.org/web/20210518051046/https://www.cliffsnotes.com/literature/j/julius-caesar/play-summary
The Jungle	https://web.archive.org/web/20210518051046/https://www.cliffsnotes.com/literature/j/the-jungle/about-the-jungle
Keats' Poems	https://web.archive.org/web/20210518051046/https://www.cliffsnotes.com/literature/k/keats-poems/john-keats-biography
The Killer Angels	https://web.archive.org/web/20210518051046/https://www.cliffsnotes.com/literature/k/the-killer-angels/about-the-killer-angels
King Henry IV Part 1	https://web.archive.org/web/20210518051046/https://www.cliffsnotes.com/literature/k/king-henry-iv-part-1/play-summary
King Lear	https://web.archive.org/web/20210518051046/https://www.cliffsnotes.com/literature/k/king-lear/play-summary
The Kitchen God's Wife	https://web.archive.org/web/20210518051046/https://www.cliffsnotes.com/literature/k/the-kitchen-gods-wife/book-summary
The Kite Runner	https://web.archive.org/web/20210518051046/https://www.cliffsnotes.com/literature/k/the-kite-runner/the-kite-runner-at-a-glance
The Last of the Mohicans	https://web.archive.org/web/20210518051046/https://www.cliffsnotes.com/literature/l/the-last-of-the-mohicans/book-summary
The Last Song	https://web.archive.org/web/20210518051046/https://www.cliffsnotes.com/literature/l/the-last-song/book-summary
Le Morte d'Arthur	https://web.archive.org/web/20210518051046/https://www.cliffsnotes.com/literature/l/le-morte-darthur/book-summary
Le Père Goriot	https://web.archive.org/web/20210518051046/https://www.cliffsnotes.com/literature/l/le-pre-goriot/book-summary
Leaves of Grass	https://web.archive.org/web/20210518051046/https://www.cliffsnotes.com/literature/l/leaves-of-grass/walt-whitman-biography
Les Miserables	https://web.archive.org/web/20210518051046/https://www.cliffsnotes.com/literature/l/les-miserables/book-summary
A Lesson Before Dying	https://web.archive.org/web/20210518051046/https://www.cliffsnotes.com/literature/l/a-lesson-before-dying/book-summary
Life of Pi	https://web.archive.org/web/20210518051046/https://www.cliffsnotes.com/literature/l/life-of-pi/book-summary
Light in August	https://web.archive.org/web/20210518051046/https://www.cliffsnotes.com/literature/l/light-in-august/book-summary
The Light in the Forest	https://web.archive.org/web/20210518051046/https://www.cliffsnotes.com/literature/l/the-light-in-the-forest/book-summary
A Long Way Gone	https://web.archive.org/web/20210518051046/https://www.cliffsnotes.com/literature/l/a-long-way-gone/book-summary
Lord Jim	https://web.archive.org/web/20210518051046/https://www.cliffsnotes.com/literature/l/lord-jim/book-summary
Lord of the Flies	https://web.archive.org/web/20210518051046/https://www.cliffsnotes.com/literature/l/lord-of-the-flies/lord-of-the-flies-at-a-glance
The Lord of the Rings	https://web.archive.org/web/20210518051046/https://www.cliffsnotes.com/literature/l/the-lord-of-the-rings/book-summary/the-fellowship-of-the-ring
Love's Labour's Lost	https://web.archive.org/web/20210518051046/https://www.cliffsnotes.com/literature/l/loves-labours-lost/play-summary
Macbeth	https://web.archive.org/web/20210518051046/https://www.cliffsnotes.com/literature/m/macbeth/macbeth-at-a-glance
Madame Bovary	https://web.archive.org/web/20210518051046/https://www.cliffsnotes.com/literature/m/madame-bovary/book-summary
The Magic Mountain	https://web.archive.org/web/20210518051046/https://www.cliffsnotes.com/literature/m/the-magic-mountain/about-the-magic-mountain
Main Street	https://web.archive.org/web/20210518051046/https://www.cliffsnotes.com/literature/m/main-street/book-summary
Major Barbara	https://web.archive.org/web/20210518051046/https://www.cliffsnotes.com/literature/m/major-barbara/play-summary
Man and Superman	https://web.archive.org/web/20210518051046/https://www.cliffsnotes.com/literature/m/man-and-superman/about-man-and-superman
The Mayor of Casterbridge	https://web.archive.org/web/20210518051046/https://www.cliffsnotes.com/literature/m/the-mayor-of-casterbridge/book-summary
Measure for  Measure	https://web.archive.org/web/20210518051046/https://www.cliffsnotes.com/literature/m/measure-for-measure/play-summary
The Memory Keeper's Daughter	https://web.archive.org/web/20210518051046/https://www.cliffsnotes.com/literature/m/the-memory-keepers-daughter/at-a-glance
The Merchant of Venice	https://web.archive.org/web/20210518051046/https://www.cliffsnotes.com/literature/m/the-merchant-of-venice/play-summary
The Merry Wives of Windsor	https://web.archive.org/web/20210518051046/https://www.cliffsnotes.com/literature/m/the-merry-wives-of-windsor/play-summary
The Metamorphosis and Other Stories	https://web.archive.org/web/20210518051046/https://www.cliffsnotes.com/literature/m/the-metamorphosis-and-other-stories/franz-kafka-biography
A Midsummer Night's Dream	https://web.archive.org/web/20210518051046/https://www.cliffsnotes.com/literature/m/a-midsummer-nights-dream/play-summary
The Mill on the Floss	https://web.archive.org/web/20210518051046/https://www.cliffsnotes.com/literature/m/the-mill-on-the-floss/book-summary
The Misanthrope	https://web.archive.org/web/20210518051046/https://www.cliffsnotes.com/literature/m/the-misanthrope/play-summary
Miss Lonelyhearts	https://web.archive.org/web/20210518051046/https://www.cliffsnotes.com/literature/m/miss-lonelyhearts/about-miss-lonelyhearts
Moby-Dick	https://web.archive.org/web/20210518051046/https://www.cliffsnotes.com/literature/m/mobydick/book-summary
Mockingjay (Book 3 of The Hunger Games Trilogy)	https://web.archive.org/web/20210518051046/https://www.cliffsnotes.com/literature/m/mockingjay-book-3-of-the-hunger-games-trilogy/mockingjay-at-a-glance
Moll Flanders	https://web.archive.org/web/20210518051046/https://www.cliffsnotes.com/literature/m/moll-flanders/book-summary
Mrs. Dalloway	https://web.archive.org/web/20210518051046/https://www.cliffsnotes.com/literature/m/mrs-dalloway/book-summary
Much Ado About Nothing	https://web.archive.org/web/20210518051046/https://www.cliffsnotes.com/literature/m/much-ado-about-nothing/play-summary
The Mutiny on the Bounty	https://web.archive.org/web/20210518051046/https://www.cliffsnotes.com/literature/m/the-mutiny-on-the-bounty/book-summary
My Ántonia	https://web.archive.org/web/20210518051046/https://www.cliffsnotes.com/literature/m/my-aacutentonia/book-summary
Mythology	https://web.archive.org/web/20210518051046/https://www.cliffsnotes.com/literature/m/mythology/about-mythology
The Namesake	https://web.archive.org/web/20210518051046/https://www.cliffsnotes.com/literature/n/the-namesake/at-a-glance
Nana	https://web.archive.org/web/20210518051046/https://www.cliffsnotes.com/literature/n/nana/book-summary
Narrative of the Life of Frederick Douglass: An American Slave	https://web.archive.org/web/20210518051046/https://www.cliffsnotes.com/literature/n/narrative-of-the-life-of-frederick-douglass-an-american-slave/book-summary
New Testament of the Bible	https://web.archive.org/web/20210518051046/https://www.cliffsnotes.com/literature/n/new-testament-of-the-bible/about-the-new-testament-of-the-bible
Night	https://web.archive.org/web/20210518051046/https://www.cliffsnotes.com/literature/n/night/book-summary
The Nightingale	https://web.archive.org/web/20210518051046/https://www.cliffsnotes.com/literature/n/the-nightingale/at-a-glance
No Exit	https://web.archive.org/web/20210518051046/https://www.cliffsnotes.com/literature/n/no-exit/about-no-exit
The Notebook	https://web.archive.org/web/20210518051046/https://www.cliffsnotes.com/literature/n/the-notebook/book-summary
Notes from Underground	https://web.archive.org/web/20210518051046/https://www.cliffsnotes.com/literature/n/notes-from-underground/book-summary
O'Connor's Short Stories	https://web.archive.org/web/20210518051046/https://www.cliffsnotes.com/literature/o/oconnors-short-stories/about-oconnors-short-stories
The Odyssey	https://web.archive.org/web/20210518051046/https://www.cliffsnotes.com/literature/o/the-odyssey/the-odyssey-at-a-glance
The Oedipus Trilogy	https://web.archive.org/web/20210518051046/https://www.cliffsnotes.com/literature/o/the-oedipus-trilogy/play-summary/oedipus-the-king
Of Mice and Men	https://web.archive.org/web/20210518051046/https://www.cliffsnotes.com/literature/o/of-mice-and-men/of-mice-and-men-at-a-glance
The Old Man and the Sea	https://web.archive.org/web/20210518051046/https://www.cliffsnotes.com/literature/o/the-old-man-and-the-sea/book-summary
Old Testament of the Bible	https://web.archive.org/web/20210518051046/https://www.cliffsnotes.com/literature/o/old-testament-of-the-bible/about-the-old-testament-of-the-bible
Oliver Twist	https://web.archive.org/web/20210518051046/https://www.cliffsnotes.com/literature/o/oliver-twist/book-summary
On Whitehead’s The Underground Railroad	https://web.archive.org/web/20210518051046/https://www.cliffsnotes.com/literature/o/on-whiteheads-the-underground-railroad/at-a-glance
The Once and Future King	https://web.archive.org/web/20210518051046/https://www.cliffsnotes.com/literature/o/the-once-and-future-king/book-summary/the-once-and-future-king-the-sword-in-the-stone
One Day in the Life of Ivan Denisovich	https://web.archive.org/web/20210518051046/https://www.cliffsnotes.com/literature/o/one-day-in-the-life-of-ivan-denisovich/book-summary
One Flew Over the Cuckoo's Nest	https://web.archive.org/web/20210518051046/https://www.cliffsnotes.com/literature/o/one-flew-over-the-cuckoos-nest/book-summary
Othello	https://web.archive.org/web/20210518051046/https://www.cliffsnotes.com/literature/o/othello/play-summary
Our Town	https://web.archive.org/web/20210518051046/https://www.cliffsnotes.com/literature/o/our-town/play-summary
The Outsiders	https://web.archive.org/web/20210518051046/https://www.cliffsnotes.com/literature/o/the-outsiders/book-summary
The Ox-Bow Incident	https://web.archive.org/web/20210518051046/https://www.cliffsnotes.com/literature/o/the-oxbow-incident/walter-van-tilburg-clark-biography
Paradise Lost	https://web.archive.org/web/20210518051046/https://www.cliffsnotes.com/literature/p/paradise-lost/poem-summary
A Passage to India	https://web.archive.org/web/20210518051046/https://www.cliffsnotes.com/literature/p/a-passage-to-india/book-summary
The Pearl	https://web.archive.org/web/20210518051046/https://www.cliffsnotes.com/literature/p/the-pearl/book-summary
Phaedra	https://web.archive.org/web/20210518051046/https://www.cliffsnotes.com/literature/p/phaedra/play-summary
The Pickwick Papers	https://web.archive.org/web/20210518051046/https://www.cliffsnotes.com/literature/p/the-pickwick-papers/book-summary
The Picture of Dorian Gray	https://web.archive.org/web/20210518051046/https://www.cliffsnotes.com/literature/p/the-picture-of-dorian-gray/book-summary
The Pilgrim's Progress	https://web.archive.org/web/20210518051046/https://www.cliffsnotes.com/literature/p/the-pilgrims-progress/book-summary
The Plague	https://web.archive.org/web/20210518051046/https://www.cliffsnotes.com/literature/p/the-plague/albert-camus-biography
Poe's Short Stories	https://web.archive.org/web/20210518051046/https://www.cliffsnotes.com/literature/p/poes-short-stories/edgar-allan-poe-biography
The Poisonwood Bible	https://web.archive.org/web/20210518051046/https://www.cliffsnotes.com/literature/p/the-poisonwood-bible/book-summary
A Portrait of the Artist as a Young Man	https://web.archive.org/web/20210518051046/https://www.cliffsnotes.com/literature/p/a-portrait-of-the-artist-as-a-young-man/book-summary
The Portrait of a Lady	https://web.archive.org/web/20210518051046/https://www.cliffsnotes.com/literature/p/the-portrait-of-a-lady/book-summary
The Power and the Glory	https://web.archive.org/web/20210518051046/https://www.cliffsnotes.com/literature/p/the-power-and-the-glory/about-the-power-and-the-glory
The Prelude	https://web.archive.org/web/20210518051046/https://www.cliffsnotes.com/literature/p/the-prelude/poem-summary
Pride and Prejudice	https://web.archive.org/web/20210518051046/https://www.cliffsnotes.com/literature/p/pride-and-prejudice/book-summary
The Prince	https://web.archive.org/web/20210518051046/https://www.cliffsnotes.com/literature/p/the-prince/book-summary
The Prince and the Pauper	https://web.archive.org/web/20210518051046/https://www.cliffsnotes.com/literature/p/the-prince-and-the-pauper/book-summary
Pygmalion	https://web.archive.org/web/20210518051046/https://www.cliffsnotes.com/literature/p/pygmalion/play-summary
A Raisin in the Sun	https://web.archive.org/web/20210518051046/https://www.cliffsnotes.com/literature/r/a-raisin-in-the-sun/play-summary
The Red and the Black	https://web.archive.org/web/20210518051046/https://www.cliffsnotes.com/literature/r/the-red-and-the-black/book-summary
The Red Badge of Courage	https://web.archive.org/web/20210518051046/https://www.cliffsnotes.com/literature/r/the-red-badge-of-courage/book-summary
The Red Pony Chrysanthemums and Flight	https://web.archive.org/web/20210518051046/https://www.cliffsnotes.com/literature/r/the-red-pony-chrysanthemums-and-flight/john-steinbeck-biography
Republic	https://web.archive.org/web/20210518051046/https://www.cliffsnotes.com/literature/r/republic/book-summary
The Return of the Native	https://web.archive.org/web/20210518051046/https://www.cliffsnotes.com/literature/r/the-return-of-the-native/book-summary
Richard II	https://web.archive.org/web/20210518051046/https://www.cliffsnotes.com/literature/r/richard-ii/play-summary
Richard III	https://web.archive.org/web/20210518051046/https://www.cliffsnotes.com/literature/r/richard-iii/play-summary
The Rise of Silas Lapham	https://web.archive.org/web/20210518051046/https://www.cliffsnotes.com/literature/r/the-rise-of-silas-lapham/about-the-rise-of-silas-lapham
The Road	https://web.archive.org/web/20210518051046/https://www.cliffsnotes.com/literature/r/the-road/book-summary
Robinson Crusoe	https://web.archive.org/web/20210518051046/https://www.cliffsnotes.com/literature/r/robinson-crusoe/book-summary
Romeo and Juliet	https://web.archive.org/web/20210518051046/https://www.cliffsnotes.com/literature/r/romeo-and-juliet/romeo-and-juliet-at-a-glance
The Scarlet Letter	https://web.archive.org/web/20210518051046/https://www.cliffsnotes.com/literature/s/the-scarlet-letter/the-scarlet-letter-at-a-glance
The Secret Life of Bees	https://web.archive.org/web/20210518051046/https://www.cliffsnotes.com/literature/s/the-secret-life-of-bees/book-summary
The Secret Sharer	https://web.archive.org/web/20210518051046/https://www.cliffsnotes.com/literature/s/the-secret-sharer/story-summary
Sense and Sensibility	https://web.archive.org/web/20210518051046/https://www.cliffsnotes.com/literature/s/sense-and-sensibility/book-summary
A Separate Peace	https://web.archive.org/web/20210518051046/https://www.cliffsnotes.com/literature/s/a-separate-peace/book-summary
Shakespeare's Sonnets	https://web.archive.org/web/20210518051046/https://www.cliffsnotes.com/literature/s/shakespeares-sonnets/about-shakespeares-sonnets
Shelley's Poems	https://web.archive.org/web/20210518051046/https://www.cliffsnotes.com/literature/s/shelleys-poems/percy-bysshe-shelley-biography
Siddhartha	https://web.archive.org/web/20210518051046/https://www.cliffsnotes.com/literature/s/siddhartha/about-siddhartha
Silas Marner	https://web.archive.org/web/20210518051046/https://www.cliffsnotes.com/literature/s/silas-marner/book-summary
Sir Gawain and the Green Knight	https://web.archive.org/web/20210518051046/https://www.cliffsnotes.com/literature/s/sir-gawain-and-the-green-knight/poem-summary
Sister Carrie	https://web.archive.org/web/20210518051046/https://www.cliffsnotes.com/literature/s/sister-carrie/book-summary
Slaughterhouse-Five	https://web.archive.org/web/20210518051046/https://www.cliffsnotes.com/literature/s/slaughterhousefive/book-summary
Snow Falling on Cedars	https://web.archive.org/web/20210518051046/https://www.cliffsnotes.com/literature/s/snow-falling-on-cedars/book-summary
Something Wicked This Way Comes	https://web.archive.org/web/20210518051046/https://www.cliffsnotes.com/literature/s/something-wicked-this-way-comes/about-something-wicked-this-way-comes
Song of Solomon	https://web.archive.org/web/20210518051046/https://www.cliffsnotes.com/literature/s/song-of-solomon/book-summary
The Sound and the Fury	https://web.archive.org/web/20210518051046/https://www.cliffsnotes.com/literature/s/the-sound-and-the-fury/book-summary
Speak	https://web.archive.org/web/20210518051046/https://www.cliffsnotes.com/literature/s/speak/book-summary
St. Augustine's Confessions	https://web.archive.org/web/20210518051046/https://www.cliffsnotes.com/literature/s/st-augustines-confessions/book-summary
St. Joan	https://web.archive.org/web/20210518051046/https://www.cliffsnotes.com/literature/s/st-joan/play-summary
Steppenwolf	https://web.archive.org/web/20210518051046/https://www.cliffsnotes.com/literature/s/steppenwolf/book-summary
The Stranger	https://web.archive.org/web/20210518051046/https://www.cliffsnotes.com/literature/s/the-stranger/albert-camus-biography
A Streetcar Named Desire	https://web.archive.org/web/20210518051046/https://www.cliffsnotes.com/literature/s/a-streetcar-named-desire/play-summary
Sula	https://web.archive.org/web/20210518051046/https://www.cliffsnotes.com/literature/s/sula/book-summary
The Sun Also Rises	https://web.archive.org/web/20210518051046/https://www.cliffsnotes.com/literature/s/the-sun-also-rises/book-summary
A Tale of Two Cities	https://web.archive.org/web/20210518051046/https://www.cliffsnotes.com/literature/t/a-tale-of-two-cities/a-tale-of-two-cities-at-a-glance
The Taming of the Shrew	https://web.archive.org/web/20210518051046/https://www.cliffsnotes.com/literature/t/the-taming-of-the-shrew/play-summary
Tartuffe	https://web.archive.org/web/20210518051046/https://www.cliffsnotes.com/literature/t/tartuffe/play-summary
The Tempest	https://web.archive.org/web/20210518051046/https://www.cliffsnotes.com/literature/t/the-tempest/play-summary
Tender Is the Night	https://web.archive.org/web/20210518051046/https://www.cliffsnotes.com/literature/t/tender-is-the-night/about-tender-is-the-night
Tess of the d'Urbervilles	https://web.archive.org/web/20210518051046/https://www.cliffsnotes.com/literature/t/tess-of-the-durbervilles/book-summary
Their Eyes Were Watching God	https://web.archive.org/web/20210518051046/https://www.cliffsnotes.com/literature/t/their-eyes-were-watching-god/book-summary
Things Fall Apart	https://web.archive.org/web/20210518051046/https://www.cliffsnotes.com/literature/t/things-fall-apart/book-summary
The Things They Carried	https://web.archive.org/web/20210518051046/https://www.cliffsnotes.com/literature/t/the-things-they-carried/book-summary
Thoreau Emerson and Transcendentalism	https://web.archive.org/web/20210518051046/https://www.cliffsnotes.com/literature/t/thoreau-emerson-and-transcendentalism/what-is-transcendentalism/introduction
A Thousand Splendid Suns	https://web.archive.org/web/20210518051046/https://www.cliffsnotes.com/literature/t/a-thousand-splendid-suns/book-summary
The Three Musketeers	https://web.archive.org/web/20210518051046/https://www.cliffsnotes.com/literature/t/the-three-musketeers/book-summary
Three Weeks with My Brother	https://web.archive.org/web/20210518051046/https://www.cliffsnotes.com/literature/t/three-weeks-with-my-brother/book-summary
To Kill a Mockingbird	https://web.archive.org/web/20210518051046/https://www.cliffsnotes.com/literature/t/to-kill-a-mockingbird/to-kill-a-mockingbird-at-a-glance
Treasure Island	https://web.archive.org/web/20210518051046/https://www.cliffsnotes.com/literature/t/treasure-island/book-summary
A Tree Grows in Brooklyn	https://web.archive.org/web/20210518051046/https://www.cliffsnotes.com/literature/t/a-tree-grows-in-brooklyn/book-summary
The Trial	https://web.archive.org/web/20210518051046/https://www.cliffsnotes.com/literature/t/the-trial/franz-kafka-biography
Tristram Shandy	https://web.archive.org/web/20210518051046/https://www.cliffsnotes.com/literature/t/tristram-shandy/book-summary
The Turn of the Screw	https://web.archive.org/web/20210518051046/https://www.cliffsnotes.com/literature/t/the-turn-of-the-screw/book-summary
Twelfth Night	https://web.archive.org/web/20210518051046/https://www.cliffsnotes.com/literature/t/twelfth-night/play-summary
Two Gentlemen of Verona	https://web.archive.org/web/20210518051046/https://www.cliffsnotes.com/literature/t/two-gentlemen-of-verona/play-summary
Ulysses	https://web.archive.org/web/20210518051046/https://www.cliffsnotes.com/literature/u/ulysses/book-summary
Unbroken	https://web.archive.org/web/20210518051046/https://www.cliffsnotes.com/literature/u/unbroken/at-a-glance
Uncle Tom's Cabin	https://web.archive.org/web/20210518051046/https://www.cliffsnotes.com/literature/u/uncle-toms-cabin/book-summary
The Unvanquished	https://web.archive.org/web/20210518051046/https://www.cliffsnotes.com/literature/u/the-unvanquished/about-the-unvanquished
Utopia & Utopian Literature	https://web.archive.org/web/20210518051046/https://www.cliffsnotes.com/literature/u/utopia-utopian-literature/book-summary
Vanity Fair	https://web.archive.org/web/20210518051046/https://www.cliffsnotes.com/literature/v/vanity-fair/book-summary
Victory	https://web.archive.org/web/20210518051046/https://www.cliffsnotes.com/literature/v/victory/book-summary
Volpone	https://web.archive.org/web/20210518051046/https://www.cliffsnotes.com/literature/v/volpone/play-summary
Waiting for Godot	https://web.archive.org/web/20210518051046/https://www.cliffsnotes.com/literature/w/waiting-for-godot/samuel-beckett-biography
Walden	https://web.archive.org/web/20210518051046/https://www.cliffsnotes.com/literature/w/walden/about-walden
A Walk to Remember	https://web.archive.org/web/20210518051046/https://www.cliffsnotes.com/literature/w/a-walk-to-remember/book-summary
War and Peace	https://web.archive.org/web/20210518051046/https://www.cliffsnotes.com/literature/w/war-and-peace/book-summary
The Way of All Flesh	https://web.archive.org/web/20210518051046/https://www.cliffsnotes.com/literature/w/the-way-of-all-flesh/book-summary
The Way of the World	https://web.archive.org/web/20210518051046/https://www.cliffsnotes.com/literature/w/the-way-of-the-world/play-summary
White Fang	https://web.archive.org/web/20210518051046/https://www.cliffsnotes.com/literature/w/white-fang/book-summary
Who's Afraid of Virginia Woolf	https://web.archive.org/web/20210518051046/https://www.cliffsnotes.com/literature/w/whos-afraid-of-virginia-woolf/edward-albee-biography
The Wild Duck	https://web.archive.org/web/20210518051046/https://www.cliffsnotes.com/literature/w/the-wild-duck/play-summary
Winesburg Ohio	https://web.archive.org/web/20210518051046/https://www.cliffsnotes.com/literature/w/winesburg-ohio/about-winesburg-ohio
The Winter's Tale	https://web.archive.org/web/20210518051046/https://www.cliffsnotes.com/literature/w/the-winters-tale/play-summary
The Woman Warrior	https://web.archive.org/web/20210518051046/https://www.cliffsnotes.com/literature/w/the-woman-warrior/book-summary
The Worldly Philosophers	https://web.archive.org/web/20210518051046/https://www.cliffsnotes.com/literature/w/the-worldly-philosophers/about-the-worldly-philosophers
Wuthering Heights	https://web.archive.org/web/20210518051046/https://www.cliffsnotes.com/literature/w/wuthering-heights/wuthering-heights-at-a-glance
A Yellow Raft in Blue Water	https://web.archive.org/web/20210518051046/https://www.cliffsnotes.com/literature/y/a-yellow-raft-in-blue-water/book-summary
